Sp1,Sp2,diff_CNV,diff_phylo,color_cat
Amanita_muscaria,Boletus_edulis,46,20,3
Amanita_muscaria,Cenococcum_geophilum,15,24,4
Amanita_muscaria,Gyrodon_lividus,35,20,3
Amanita_muscaria,Hebeloma_cylindrosporum,147,4,3
Amanita_muscaria,Hydnum_rufescens,180,22,3
Amanita_muscaria,Laccaria_amethystina,17,4,3
Amanita_muscaria,Paxillus_adelphus,40,20,3
Amanita_muscaria,Paxillus_involutus,41,20,3
Amanita_muscaria,Piloderma_croceum,41,6,3
Amanita_muscaria,Pisolithus_microcarpus,53,20,3
Amanita_muscaria,Rhizopogon_vinicolor,50,20,3
Amanita_muscaria,Sb_117_CO,55,20,3
Amanita_muscaria,Sb_119_CO,104,20,3
Amanita_muscaria,Sb_12_CA,47,20,3
Amanita_muscaria,Sb_120_CO,52,20,3
Amanita_muscaria,Sb_121_MN,86,20,3
Amanita_muscaria,Sb_122_MN,92,20,3
Amanita_muscaria,Sb_123_MN,88,20,3
Amanita_muscaria,Sb_124_MN,55,20,3
Amanita_muscaria,Sb_125_MN,93,20,3
Amanita_muscaria,Sb_126_MN,42,20,3
Amanita_muscaria,Sb_2_CA,126,20,3
Amanita_muscaria,Sb_22_CA,86,20,3
Amanita_muscaria,Scleroderma_citrinum,39,20,3
Amanita_muscaria,Suillus_americanus,107,20,3
Amanita_muscaria,Suillus_decipiens,39,20,3
Amanita_muscaria,Suillus_granulatus,31,20,3
Amanita_muscaria,Suillus_hirtellus,12,20,3
Amanita_muscaria,Suillus_luteus,168,20,3
Amanita_muscaria,Suillus_pictus,39,20,3
Amanita_muscaria,Suillus_subaureus,14,20,3
Amanita_muscaria,Wilcoxina_mikolae,93,26,4
Boletus_edulis,Cenococcum_geophilum,61,24,4
Boletus_edulis,Gyrodon_lividus,11,6,3
Boletus_edulis,Hebeloma_cylindrosporum,101,20,3
Boletus_edulis,Hydnum_rufescens,134,22,3
Boletus_edulis,Laccaria_amethystina,29,20,3
Boletus_edulis,Paxillus_adelphus,6,6,3
Boletus_edulis,Paxillus_involutus,5,6,3
Boletus_edulis,Piloderma_croceum,5,20,3
Boletus_edulis,Pisolithus_microcarpus,7,8,3
Boletus_edulis,Rhizopogon_vinicolor,4,18,3
Boletus_edulis,Sb_117_CO,9,18,3
Boletus_edulis,Sb_119_CO,58,18,3
Boletus_edulis,Sb_12_CA,1,18,3
Boletus_edulis,Sb_120_CO,6,18,3
Boletus_edulis,Sb_121_MN,40,18,3
Boletus_edulis,Sb_122_MN,46,18,3
Boletus_edulis,Sb_123_MN,42,18,3
Boletus_edulis,Sb_124_MN,9,18,3
Boletus_edulis,Sb_125_MN,47,18,3
Boletus_edulis,Sb_126_MN,4,18,3
Boletus_edulis,Sb_2_CA,80,18,3
Boletus_edulis,Sb_22_CA,40,18,3
Boletus_edulis,Scleroderma_citrinum,7,8,3
Boletus_edulis,Suillus_americanus,61,18,3
Boletus_edulis,Suillus_decipiens,7,18,3
Boletus_edulis,Suillus_granulatus,15,18,3
Boletus_edulis,Suillus_hirtellus,34,18,3
Boletus_edulis,Suillus_luteus,122,18,3
Boletus_edulis,Suillus_pictus,7,18,3
Boletus_edulis,Suillus_subaureus,32,18,3
Boletus_edulis,Wilcoxina_mikolae,47,26,4
Cenococcum_geophilum,Gyrodon_lividus,50,24,4
Cenococcum_geophilum,Hebeloma_cylindrosporum,162,24,4
Cenococcum_geophilum,Hydnum_rufescens,195,24,4
Cenococcum_geophilum,Laccaria_amethystina,32,24,4
Cenococcum_geophilum,Paxillus_adelphus,55,24,4
Cenococcum_geophilum,Paxillus_involutus,56,24,4
Cenococcum_geophilum,Piloderma_croceum,56,24,4
Cenococcum_geophilum,Pisolithus_microcarpus,68,24,4
Cenococcum_geophilum,Rhizopogon_vinicolor,65,24,4
Cenococcum_geophilum,Sb_117_CO,70,24,4
Cenococcum_geophilum,Sb_119_CO,119,24,4
Cenococcum_geophilum,Sb_12_CA,62,24,4
Cenococcum_geophilum,Sb_120_CO,67,24,4
Cenococcum_geophilum,Sb_121_MN,101,24,4
Cenococcum_geophilum,Sb_122_MN,107,24,4
Cenococcum_geophilum,Sb_123_MN,103,24,4
Cenococcum_geophilum,Sb_124_MN,70,24,4
Cenococcum_geophilum,Sb_125_MN,108,24,4
Cenococcum_geophilum,Sb_126_MN,57,24,4
Cenococcum_geophilum,Sb_2_CA,141,24,4
Cenococcum_geophilum,Sb_22_CA,101,24,4
Cenococcum_geophilum,Scleroderma_citrinum,54,24,4
Cenococcum_geophilum,Suillus_americanus,122,24,4
Cenococcum_geophilum,Suillus_decipiens,54,24,4
Cenococcum_geophilum,Suillus_granulatus,46,24,4
Cenococcum_geophilum,Suillus_hirtellus,27,24,4
Cenococcum_geophilum,Suillus_luteus,183,24,4
Cenococcum_geophilum,Suillus_pictus,54,24,4
Cenococcum_geophilum,Suillus_subaureus,29,24,4
Cenococcum_geophilum,Wilcoxina_mikolae,108,26,3
Gyrodon_lividus,Hebeloma_cylindrosporum,112,20,3
Gyrodon_lividus,Hydnum_rufescens,145,22,3
Gyrodon_lividus,Laccaria_amethystina,18,20,3
Gyrodon_lividus,Paxillus_adelphus,5,4,3
Gyrodon_lividus,Paxillus_involutus,6,4,3
Gyrodon_lividus,Piloderma_croceum,6,20,3
Gyrodon_lividus,Pisolithus_microcarpus,18,8,3
Gyrodon_lividus,Rhizopogon_vinicolor,15,18,3
Gyrodon_lividus,Sb_117_CO,20,18,3
Gyrodon_lividus,Sb_119_CO,69,18,3
Gyrodon_lividus,Sb_12_CA,12,18,3
Gyrodon_lividus,Sb_120_CO,17,18,3
Gyrodon_lividus,Sb_121_MN,51,18,3
Gyrodon_lividus,Sb_122_MN,57,18,3
Gyrodon_lividus,Sb_123_MN,53,18,3
Gyrodon_lividus,Sb_124_MN,20,18,3
Gyrodon_lividus,Sb_125_MN,58,18,3
Gyrodon_lividus,Sb_126_MN,7,18,3
Gyrodon_lividus,Sb_2_CA,91,18,3
Gyrodon_lividus,Sb_22_CA,51,18,3
Gyrodon_lividus,Scleroderma_citrinum,4,8,3
Gyrodon_lividus,Suillus_americanus,72,18,3
Gyrodon_lividus,Suillus_decipiens,4,18,3
Gyrodon_lividus,Suillus_granulatus,4,18,3
Gyrodon_lividus,Suillus_hirtellus,23,18,3
Gyrodon_lividus,Suillus_luteus,133,18,3
Gyrodon_lividus,Suillus_pictus,4,18,3
Gyrodon_lividus,Suillus_subaureus,21,18,3
Gyrodon_lividus,Wilcoxina_mikolae,58,26,4
Hebeloma_cylindrosporum,Hydnum_rufescens,33,22,3
Hebeloma_cylindrosporum,Laccaria_amethystina,130,2,3
Hebeloma_cylindrosporum,Paxillus_adelphus,107,20,3
Hebeloma_cylindrosporum,Paxillus_involutus,106,20,3
Hebeloma_cylindrosporum,Piloderma_croceum,106,6,3
Hebeloma_cylindrosporum,Pisolithus_microcarpus,94,20,3
Hebeloma_cylindrosporum,Rhizopogon_vinicolor,97,20,3
Hebeloma_cylindrosporum,Sb_117_CO,92,20,3
Hebeloma_cylindrosporum,Sb_119_CO,43,20,3
Hebeloma_cylindrosporum,Sb_12_CA,100,20,3
Hebeloma_cylindrosporum,Sb_120_CO,95,20,3
Hebeloma_cylindrosporum,Sb_121_MN,61,20,3
Hebeloma_cylindrosporum,Sb_122_MN,55,20,3
Hebeloma_cylindrosporum,Sb_123_MN,59,20,3
Hebeloma_cylindrosporum,Sb_124_MN,92,20,3
Hebeloma_cylindrosporum,Sb_125_MN,54,20,3
Hebeloma_cylindrosporum,Sb_126_MN,105,20,3
Hebeloma_cylindrosporum,Sb_2_CA,21,20,3
Hebeloma_cylindrosporum,Sb_22_CA,61,20,3
Hebeloma_cylindrosporum,Scleroderma_citrinum,108,20,3
Hebeloma_cylindrosporum,Suillus_americanus,40,20,3
Hebeloma_cylindrosporum,Suillus_decipiens,108,20,3
Hebeloma_cylindrosporum,Suillus_granulatus,116,20,3
Hebeloma_cylindrosporum,Suillus_hirtellus,135,20,3
Hebeloma_cylindrosporum,Suillus_luteus,21,20,3
Hebeloma_cylindrosporum,Suillus_pictus,108,20,3
Hebeloma_cylindrosporum,Suillus_subaureus,133,20,3
Hebeloma_cylindrosporum,Wilcoxina_mikolae,54,26,4
Hydnum_rufescens,Laccaria_amethystina,163,22,3
Hydnum_rufescens,Paxillus_adelphus,140,22,3
Hydnum_rufescens,Paxillus_involutus,139,22,3
Hydnum_rufescens,Piloderma_croceum,139,22,3
Hydnum_rufescens,Pisolithus_microcarpus,127,22,3
Hydnum_rufescens,Rhizopogon_vinicolor,130,22,3
Hydnum_rufescens,Sb_117_CO,125,22,3
Hydnum_rufescens,Sb_119_CO,76,22,3
Hydnum_rufescens,Sb_12_CA,133,22,3
Hydnum_rufescens,Sb_120_CO,128,22,3
Hydnum_rufescens,Sb_121_MN,94,22,3
Hydnum_rufescens,Sb_122_MN,88,22,3
Hydnum_rufescens,Sb_123_MN,92,22,3
Hydnum_rufescens,Sb_124_MN,125,22,3
Hydnum_rufescens,Sb_125_MN,87,22,3
Hydnum_rufescens,Sb_126_MN,138,22,3
Hydnum_rufescens,Sb_2_CA,54,22,3
Hydnum_rufescens,Sb_22_CA,94,22,3
Hydnum_rufescens,Scleroderma_citrinum,141,22,3
Hydnum_rufescens,Suillus_americanus,73,22,3
Hydnum_rufescens,Suillus_decipiens,141,22,3
Hydnum_rufescens,Suillus_granulatus,149,22,3
Hydnum_rufescens,Suillus_hirtellus,168,22,3
Hydnum_rufescens,Suillus_luteus,12,22,3
Hydnum_rufescens,Suillus_pictus,141,22,3
Hydnum_rufescens,Suillus_subaureus,166,22,3
Hydnum_rufescens,Wilcoxina_mikolae,87,26,3
Laccaria_amethystina,Paxillus_adelphus,23,20,3
Laccaria_amethystina,Paxillus_involutus,24,20,3
Laccaria_amethystina,Piloderma_croceum,24,6,3
Laccaria_amethystina,Pisolithus_microcarpus,36,20,3
Laccaria_amethystina,Rhizopogon_vinicolor,33,20,3
Laccaria_amethystina,Sb_117_CO,38,20,3
Laccaria_amethystina,Sb_119_CO,87,20,3
Laccaria_amethystina,Sb_12_CA,30,20,3
Laccaria_amethystina,Sb_120_CO,35,20,3
Laccaria_amethystina,Sb_121_MN,69,20,3
Laccaria_amethystina,Sb_122_MN,75,20,3
Laccaria_amethystina,Sb_123_MN,71,20,3
Laccaria_amethystina,Sb_124_MN,38,20,3
Laccaria_amethystina,Sb_125_MN,76,20,3
Laccaria_amethystina,Sb_126_MN,25,20,3
Laccaria_amethystina,Sb_2_CA,109,20,3
Laccaria_amethystina,Sb_22_CA,69,20,3
Laccaria_amethystina,Scleroderma_citrinum,22,20,3
Laccaria_amethystina,Suillus_americanus,90,20,3
Laccaria_amethystina,Suillus_decipiens,22,20,3
Laccaria_amethystina,Suillus_granulatus,14,20,3
Laccaria_amethystina,Suillus_hirtellus,5,20,3
Laccaria_amethystina,Suillus_luteus,151,20,3
Laccaria_amethystina,Suillus_pictus,22,20,3
Laccaria_amethystina,Suillus_subaureus,3,20,3
Laccaria_amethystina,Wilcoxina_mikolae,76,26,4
Paxillus_adelphus,Paxillus_involutus,1,2,2
Paxillus_adelphus,Piloderma_croceum,1,20,3
Paxillus_adelphus,Pisolithus_microcarpus,13,8,3
Paxillus_adelphus,Rhizopogon_vinicolor,10,18,3
Paxillus_adelphus,Sb_117_CO,15,18,3
Paxillus_adelphus,Sb_119_CO,64,18,3
Paxillus_adelphus,Sb_12_CA,7,18,3
Paxillus_adelphus,Sb_120_CO,12,18,3
Paxillus_adelphus,Sb_121_MN,46,18,3
Paxillus_adelphus,Sb_122_MN,52,18,3
Paxillus_adelphus,Sb_123_MN,48,18,3
Paxillus_adelphus,Sb_124_MN,15,18,3
Paxillus_adelphus,Sb_125_MN,53,18,3
Paxillus_adelphus,Sb_126_MN,2,18,3
Paxillus_adelphus,Sb_2_CA,86,18,3
Paxillus_adelphus,Sb_22_CA,46,18,3
Paxillus_adelphus,Scleroderma_citrinum,1,8,3
Paxillus_adelphus,Suillus_americanus,67,18,3
Paxillus_adelphus,Suillus_decipiens,1,18,3
Paxillus_adelphus,Suillus_granulatus,9,18,3
Paxillus_adelphus,Suillus_hirtellus,28,18,3
Paxillus_adelphus,Suillus_luteus,128,18,3
Paxillus_adelphus,Suillus_pictus,1,18,3
Paxillus_adelphus,Suillus_subaureus,26,18,3
Paxillus_adelphus,Wilcoxina_mikolae,53,26,4
Paxillus_involutus,Piloderma_croceum,0,20,3
Paxillus_involutus,Pisolithus_microcarpus,12,8,3
Paxillus_involutus,Rhizopogon_vinicolor,9,18,3
Paxillus_involutus,Sb_117_CO,14,18,3
Paxillus_involutus,Sb_119_CO,63,18,3
Paxillus_involutus,Sb_12_CA,6,18,3
Paxillus_involutus,Sb_120_CO,11,18,3
Paxillus_involutus,Sb_121_MN,45,18,3
Paxillus_involutus,Sb_122_MN,51,18,3
Paxillus_involutus,Sb_123_MN,47,18,3
Paxillus_involutus,Sb_124_MN,14,18,3
Paxillus_involutus,Sb_125_MN,52,18,3
Paxillus_involutus,Sb_126_MN,1,18,3
Paxillus_involutus,Sb_2_CA,85,18,3
Paxillus_involutus,Sb_22_CA,45,18,3
Paxillus_involutus,Scleroderma_citrinum,2,8,3
Paxillus_involutus,Suillus_americanus,66,18,3
Paxillus_involutus,Suillus_decipiens,2,18,3
Paxillus_involutus,Suillus_granulatus,10,18,3
Paxillus_involutus,Suillus_hirtellus,29,18,3
Paxillus_involutus,Suillus_luteus,127,18,3
Paxillus_involutus,Suillus_pictus,2,18,3
Paxillus_involutus,Suillus_subaureus,27,18,3
Paxillus_involutus,Wilcoxina_mikolae,52,26,4
Piloderma_croceum,Pisolithus_microcarpus,12,20,3
Piloderma_croceum,Rhizopogon_vinicolor,9,20,3
Piloderma_croceum,Sb_117_CO,14,20,3
Piloderma_croceum,Sb_119_CO,63,20,3
Piloderma_croceum,Sb_12_CA,6,20,3
Piloderma_croceum,Sb_120_CO,11,20,3
Piloderma_croceum,Sb_121_MN,45,20,3
Piloderma_croceum,Sb_122_MN,51,20,3
Piloderma_croceum,Sb_123_MN,47,20,3
Piloderma_croceum,Sb_124_MN,14,20,3
Piloderma_croceum,Sb_125_MN,52,20,3
Piloderma_croceum,Sb_126_MN,1,20,3
Piloderma_croceum,Sb_2_CA,85,20,3
Piloderma_croceum,Sb_22_CA,45,20,3
Piloderma_croceum,Scleroderma_citrinum,2,20,3
Piloderma_croceum,Suillus_americanus,66,20,3
Piloderma_croceum,Suillus_decipiens,2,20,3
Piloderma_croceum,Suillus_granulatus,10,20,3
Piloderma_croceum,Suillus_hirtellus,29,20,3
Piloderma_croceum,Suillus_luteus,127,20,3
Piloderma_croceum,Suillus_pictus,2,20,3
Piloderma_croceum,Suillus_subaureus,27,20,3
Piloderma_croceum,Wilcoxina_mikolae,52,26,4
Pisolithus_microcarpus,Rhizopogon_vinicolor,3,18,3
Pisolithus_microcarpus,Sb_117_CO,2,18,3
Pisolithus_microcarpus,Sb_119_CO,51,18,3
Pisolithus_microcarpus,Sb_12_CA,6,18,3
Pisolithus_microcarpus,Sb_120_CO,1,18,3
Pisolithus_microcarpus,Sb_121_MN,33,18,3
Pisolithus_microcarpus,Sb_122_MN,39,18,3
Pisolithus_microcarpus,Sb_123_MN,35,18,3
Pisolithus_microcarpus,Sb_124_MN,2,18,3
Pisolithus_microcarpus,Sb_125_MN,40,18,3
Pisolithus_microcarpus,Sb_126_MN,11,18,3
Pisolithus_microcarpus,Sb_2_CA,73,18,3
Pisolithus_microcarpus,Sb_22_CA,33,18,3
Pisolithus_microcarpus,Scleroderma_citrinum,14,2,3
Pisolithus_microcarpus,Suillus_americanus,54,18,3
Pisolithus_microcarpus,Suillus_decipiens,14,18,3
Pisolithus_microcarpus,Suillus_granulatus,22,18,3
Pisolithus_microcarpus,Suillus_hirtellus,41,18,3
Pisolithus_microcarpus,Suillus_luteus,115,18,3
Pisolithus_microcarpus,Suillus_pictus,14,18,3
Pisolithus_microcarpus,Suillus_subaureus,39,18,3
Pisolithus_microcarpus,Wilcoxina_mikolae,40,26,4
Rhizopogon_vinicolor,Sb_117_CO,5,16,3
Rhizopogon_vinicolor,Sb_119_CO,54,16,3
Rhizopogon_vinicolor,Sb_12_CA,3,16,3
Rhizopogon_vinicolor,Sb_120_CO,2,16,3
Rhizopogon_vinicolor,Sb_121_MN,36,16,3
Rhizopogon_vinicolor,Sb_122_MN,42,16,3
Rhizopogon_vinicolor,Sb_123_MN,38,16,3
Rhizopogon_vinicolor,Sb_124_MN,5,16,3
Rhizopogon_vinicolor,Sb_125_MN,43,16,3
Rhizopogon_vinicolor,Sb_126_MN,8,16,3
Rhizopogon_vinicolor,Sb_2_CA,76,16,3
Rhizopogon_vinicolor,Sb_22_CA,36,16,3
Rhizopogon_vinicolor,Scleroderma_citrinum,11,18,3
Rhizopogon_vinicolor,Suillus_americanus,57,16,3
Rhizopogon_vinicolor,Suillus_decipiens,11,16,3
Rhizopogon_vinicolor,Suillus_granulatus,19,16,3
Rhizopogon_vinicolor,Suillus_hirtellus,38,16,3
Rhizopogon_vinicolor,Suillus_luteus,118,16,3
Rhizopogon_vinicolor,Suillus_pictus,11,16,3
Rhizopogon_vinicolor,Suillus_subaureus,36,16,3
Rhizopogon_vinicolor,Wilcoxina_mikolae,43,26,4
Sb_117_CO,Sb_119_CO,49,2,1
Sb_117_CO,Sb_12_CA,8,8,1
Sb_117_CO,Sb_120_CO,3,4,1
Sb_117_CO,Sb_121_MN,31,10,1
Sb_117_CO,Sb_122_MN,37,10,1
Sb_117_CO,Sb_123_MN,33,10,1
Sb_117_CO,Sb_124_MN,0,10,1
Sb_117_CO,Sb_125_MN,38,10,1
Sb_117_CO,Sb_126_MN,13,10,1
Sb_117_CO,Sb_2_CA,71,6,1
Sb_117_CO,Sb_22_CA,31,8,1
Sb_117_CO,Scleroderma_citrinum,16,18,3
Sb_117_CO,Suillus_americanus,52,14,2
Sb_117_CO,Suillus_decipiens,16,14,2
Sb_117_CO,Suillus_granulatus,24,14,2
Sb_117_CO,Suillus_hirtellus,43,14,2
Sb_117_CO,Suillus_luteus,113,12,2
Sb_117_CO,Suillus_pictus,16,14,2
Sb_117_CO,Suillus_subaureus,41,14,2
Sb_117_CO,Wilcoxina_mikolae,38,26,4
Sb_119_CO,Sb_12_CA,57,8,1
Sb_119_CO,Sb_120_CO,52,4,1
Sb_119_CO,Sb_121_MN,18,10,1
Sb_119_CO,Sb_122_MN,12,10,1
Sb_119_CO,Sb_123_MN,16,10,1
Sb_119_CO,Sb_124_MN,49,10,1
Sb_119_CO,Sb_125_MN,11,10,1
Sb_119_CO,Sb_126_MN,62,10,1
Sb_119_CO,Sb_2_CA,22,6,1
Sb_119_CO,Sb_22_CA,18,8,1
Sb_119_CO,Scleroderma_citrinum,65,18,3
Sb_119_CO,Suillus_americanus,3,14,2
Sb_119_CO,Suillus_decipiens,65,14,2
Sb_119_CO,Suillus_granulatus,73,14,2
Sb_119_CO,Suillus_hirtellus,92,14,2
Sb_119_CO,Suillus_luteus,64,12,2
Sb_119_CO,Suillus_pictus,65,14,2
Sb_119_CO,Suillus_subaureus,90,14,2
Sb_119_CO,Wilcoxina_mikolae,11,26,4
Sb_12_CA,Sb_120_CO,5,8,1
Sb_12_CA,Sb_121_MN,39,10,1
Sb_12_CA,Sb_122_MN,45,10,1
Sb_12_CA,Sb_123_MN,41,10,1
Sb_12_CA,Sb_124_MN,8,10,1
Sb_12_CA,Sb_125_MN,46,10,1
Sb_12_CA,Sb_126_MN,5,10,1
Sb_12_CA,Sb_2_CA,79,8,1
Sb_12_CA,Sb_22_CA,39,2,1
Sb_12_CA,Scleroderma_citrinum,8,18,3
Sb_12_CA,Suillus_americanus,60,14,2
Sb_12_CA,Suillus_decipiens,8,14,2
Sb_12_CA,Suillus_granulatus,16,14,2
Sb_12_CA,Suillus_hirtellus,35,14,2
Sb_12_CA,Suillus_luteus,121,12,2
Sb_12_CA,Suillus_pictus,8,14,2
Sb_12_CA,Suillus_subaureus,33,14,2
Sb_12_CA,Wilcoxina_mikolae,46,26,4
Sb_120_CO,Sb_121_MN,34,10,1
Sb_120_CO,Sb_122_MN,40,10,1
Sb_120_CO,Sb_123_MN,36,10,1
Sb_120_CO,Sb_124_MN,3,10,1
Sb_120_CO,Sb_125_MN,41,10,1
Sb_120_CO,Sb_126_MN,10,10,1
Sb_120_CO,Sb_2_CA,74,6,1
Sb_120_CO,Sb_22_CA,34,8,1
Sb_120_CO,Scleroderma_citrinum,13,18,3
Sb_120_CO,Suillus_americanus,55,14,2
Sb_120_CO,Suillus_decipiens,13,14,2
Sb_120_CO,Suillus_granulatus,21,14,2
Sb_120_CO,Suillus_hirtellus,40,14,2
Sb_120_CO,Suillus_luteus,116,12,2
Sb_120_CO,Suillus_pictus,13,14,2
Sb_120_CO,Suillus_subaureus,38,14,2
Sb_120_CO,Wilcoxina_mikolae,41,26,4
Sb_121_MN,Sb_122_MN,6,2,1
Sb_121_MN,Sb_123_MN,2,8,1
Sb_121_MN,Sb_124_MN,31,8,1
Sb_121_MN,Sb_125_MN,7,8,1
Sb_121_MN,Sb_126_MN,44,8,1
Sb_121_MN,Sb_2_CA,40,10,1
Sb_121_MN,Sb_22_CA,0,10,1
Sb_121_MN,Scleroderma_citrinum,47,18,3
Sb_121_MN,Suillus_americanus,21,14,2
Sb_121_MN,Suillus_decipiens,47,14,2
Sb_121_MN,Suillus_granulatus,55,14,2
Sb_121_MN,Suillus_hirtellus,74,14,2
Sb_121_MN,Suillus_luteus,82,12,2
Sb_121_MN,Suillus_pictus,47,14,2
Sb_121_MN,Suillus_subaureus,72,14,2
Sb_121_MN,Wilcoxina_mikolae,7,26,4
Sb_122_MN,Sb_123_MN,4,8,1
Sb_122_MN,Sb_124_MN,37,8,1
Sb_122_MN,Sb_125_MN,1,8,1
Sb_122_MN,Sb_126_MN,50,8,1
Sb_122_MN,Sb_2_CA,34,10,1
Sb_122_MN,Sb_22_CA,6,10,1
Sb_122_MN,Scleroderma_citrinum,53,18,3
Sb_122_MN,Suillus_americanus,15,14,2
Sb_122_MN,Suillus_decipiens,53,14,2
Sb_122_MN,Suillus_granulatus,61,14,2
Sb_122_MN,Suillus_hirtellus,80,14,2
Sb_122_MN,Suillus_luteus,76,12,2
Sb_122_MN,Suillus_pictus,53,14,2
Sb_122_MN,Suillus_subaureus,78,14,2
Sb_122_MN,Wilcoxina_mikolae,1,26,4
Sb_123_MN,Sb_124_MN,33,4,1
Sb_123_MN,Sb_125_MN,5,6,1
Sb_123_MN,Sb_126_MN,46,2,1
Sb_123_MN,Sb_2_CA,38,10,1
Sb_123_MN,Sb_22_CA,2,10,1
Sb_123_MN,Scleroderma_citrinum,49,18,3
Sb_123_MN,Suillus_americanus,19,14,2
Sb_123_MN,Suillus_decipiens,49,14,2
Sb_123_MN,Suillus_granulatus,57,14,2
Sb_123_MN,Suillus_hirtellus,76,14,2
Sb_123_MN,Suillus_luteus,80,12,2
Sb_123_MN,Suillus_pictus,49,14,2
Sb_123_MN,Suillus_subaureus,74,14,2
Sb_123_MN,Wilcoxina_mikolae,5,26,4
Sb_124_MN,Sb_125_MN,38,6,1
Sb_124_MN,Sb_126_MN,13,4,1
Sb_124_MN,Sb_2_CA,71,10,1
Sb_124_MN,Sb_22_CA,31,10,1
Sb_124_MN,Scleroderma_citrinum,16,18,3
Sb_124_MN,Suillus_americanus,52,14,2
Sb_124_MN,Suillus_decipiens,16,14,2
Sb_124_MN,Suillus_granulatus,24,14,2
Sb_124_MN,Suillus_hirtellus,43,14,2
Sb_124_MN,Suillus_luteus,113,12,2
Sb_124_MN,Suillus_pictus,16,14,2
Sb_124_MN,Suillus_subaureus,41,14,2
Sb_124_MN,Wilcoxina_mikolae,38,26,4
Sb_125_MN,Sb_126_MN,51,6,1
Sb_125_MN,Sb_2_CA,33,10,1
Sb_125_MN,Sb_22_CA,7,10,1
Sb_125_MN,Scleroderma_citrinum,54,18,3
Sb_125_MN,Suillus_americanus,14,14,2
Sb_125_MN,Suillus_decipiens,54,14,2
Sb_125_MN,Suillus_granulatus,62,14,2
Sb_125_MN,Suillus_hirtellus,81,14,2
Sb_125_MN,Suillus_luteus,75,12,2
Sb_125_MN,Suillus_pictus,54,14,2
Sb_125_MN,Suillus_subaureus,79,14,2
Sb_125_MN,Wilcoxina_mikolae,0,26,4
Sb_126_MN,Sb_2_CA,84,10,1
Sb_126_MN,Sb_22_CA,44,10,1
Sb_126_MN,Scleroderma_citrinum,3,18,3
Sb_126_MN,Suillus_americanus,65,14,2
Sb_126_MN,Suillus_decipiens,3,14,2
Sb_126_MN,Suillus_granulatus,11,14,2
Sb_126_MN,Suillus_hirtellus,30,14,2
Sb_126_MN,Suillus_luteus,126,12,2
Sb_126_MN,Suillus_pictus,3,14,2
Sb_126_MN,Suillus_subaureus,28,14,2
Sb_126_MN,Wilcoxina_mikolae,51,26,4
Sb_2_CA,Sb_22_CA,40,8,1
Sb_2_CA,Scleroderma_citrinum,87,18,3
Sb_2_CA,Suillus_americanus,19,14,2
Sb_2_CA,Suillus_decipiens,87,14,2
Sb_2_CA,Suillus_granulatus,95,14,2
Sb_2_CA,Suillus_hirtellus,114,14,2
Sb_2_CA,Suillus_luteus,42,12,2
Sb_2_CA,Suillus_pictus,87,14,2
Sb_2_CA,Suillus_subaureus,112,14,2
Sb_2_CA,Wilcoxina_mikolae,33,26,4
Sb_22_CA,Scleroderma_citrinum,47,18,3
Sb_22_CA,Suillus_americanus,21,14,2
Sb_22_CA,Suillus_decipiens,47,14,2
Sb_22_CA,Suillus_granulatus,55,14,2
Sb_22_CA,Suillus_hirtellus,74,14,2
Sb_22_CA,Suillus_luteus,82,12,2
Sb_22_CA,Suillus_pictus,47,14,2
Sb_22_CA,Suillus_subaureus,72,14,2
Sb_22_CA,Wilcoxina_mikolae,7,26,4
Scleroderma_citrinum,Suillus_americanus,68,18,3
Scleroderma_citrinum,Suillus_decipiens,0,18,3
Scleroderma_citrinum,Suillus_granulatus,8,18,3
Scleroderma_citrinum,Suillus_hirtellus,27,18,3
Scleroderma_citrinum,Suillus_luteus,129,18,3
Scleroderma_citrinum,Suillus_pictus,0,18,3
Scleroderma_citrinum,Suillus_subaureus,25,18,3
Scleroderma_citrinum,Wilcoxina_mikolae,54,26,4
Suillus_americanus,Suillus_decipiens,68,4,2
Suillus_americanus,Suillus_granulatus,76,8,2
Suillus_americanus,Suillus_hirtellus,95,6,2
Suillus_americanus,Suillus_luteus,61,14,2
Suillus_americanus,Suillus_pictus,68,4,2
Suillus_americanus,Suillus_subaureus,93,2,2
Suillus_americanus,Wilcoxina_mikolae,14,26,4
Suillus_decipiens,Suillus_granulatus,8,8,2
Suillus_decipiens,Suillus_hirtellus,27,6,2
Suillus_decipiens,Suillus_luteus,129,14,2
Suillus_decipiens,Suillus_pictus,0,2,2
Suillus_decipiens,Suillus_subaureus,25,4,2
Suillus_decipiens,Wilcoxina_mikolae,54,26,4
Suillus_granulatus,Suillus_hirtellus,19,8,2
Suillus_granulatus,Suillus_luteus,137,14,2
Suillus_granulatus,Suillus_pictus,8,8,2
Suillus_granulatus,Suillus_subaureus,17,8,2
Suillus_granulatus,Wilcoxina_mikolae,62,26,4
Suillus_hirtellus,Suillus_luteus,156,14,2
Suillus_hirtellus,Suillus_pictus,27,6,2
Suillus_hirtellus,Suillus_subaureus,2,6,2
Suillus_hirtellus,Wilcoxina_mikolae,81,26,4
Suillus_luteus,Suillus_pictus,129,14,2
Suillus_luteus,Suillus_subaureus,154,14,2
Suillus_luteus,Wilcoxina_mikolae,75,26,4
Suillus_pictus,Suillus_subaureus,25,4,2
Suillus_pictus,Wilcoxina_mikolae,54,26,4
Suillus_subaureus,Wilcoxina_mikolae,79,26,4