OTU_ID,pos_con_9,pos_con_4,LL_336_ind_all,LL_337_ind_all,LL_338_cta_all,LL_339_cta_all,LL_340_ind_suillus_only,LL_341_ind_suillus_only,LL_342_cta_suillus_only,LL_343_cta_suillus_only,LL_344_ind_no_suillus,LL_345_ind_no_suillus,LL_346_cta_no_suillus,LL_347_cta_no_suillus,neg_con,taxonomy,Query_length,Query_aligned_length,Pident
OTU_1,0,1,374,244,2794,2238,0,0,0,2,131,248,4108,1529,1,Hebeloma_cylindrosporum,254,253,99.6
OTU_2,0,0,418,348,2373,1274,0,0,9,12,223,398,2719,1363,0,Wilcoxina_mikolae,204,204,99.5
OTU_3,0,0,101,157,10,4,73,826,3760,2432,0,0,1,0,0,Suillus_decipiens,235,234,100
OTU_4,220,1864,65,48,684,463,2,2,5,13,80,121,1378,409,0,Paxillus_involutus,297,297,100
OTU_5,0,0,113,110,1199,893,0,0,9,39,197,330,1080,871,0,Piloderma_croceum,207,207,98.1
OTU_6,20,26,279,142,699,633,0,1,14,50,124,193,1686,636,0,Laccaria_amethystina,254,253,98.8
OTU_7,10,16,557,412,2,2,135,986,854,847,0,0,0,0,0,Suillus_granulatus,233,232,99.6
OTU_8,0,0,334,211,766,460,0,0,14,12,152,370,654,233,0,Scleroderma_citrinum,200,199,100
OTU_9,28,55,796,482,0,2,143,577,533,443,0,0,0,0,0,Suillus_americanus,225,224,99.1
OTU_10,176,956,315,134,123,97,0,0,49,99,125,188,151,92,0,Amanita_muscaria,215,212,99.1
OTU_11,0,2,429,367,0,1,113,630,389,324,0,0,1,0,0,Suillus_hirtellus,225,223,95.6
OTU_12,30,44,432,503,1,1,114,618,204,280,0,0,0,1,0,Suillus_luteus,223,222,98.2
OTU_13,0,0,0,0,0,0,0,0,0,0,0,0,1,0,0,Epicoccum_nigrum|FJ426996|SH117088.07FU|refs|k__Fungi;p__Ascomycota;c__Dothideomycetes;o__Pleosporales;f__Pleosporaceae;g__Epicoccum;s__Epicoccum_nigrum,158,158,100
OTU_14,0,0,0,0,0,0,0,0,0,0,0,0,0,0,0,Leptodontidium_trabinellum|HQ611282|SH205752.07FU|reps|k__Fungi;p__Ascomycota;c__Leotiomycetes;o__Helotiales;f__Helotiales_fam_Incertae_sedis;g__Leptodontidium;s__Leptodontidium_trabinellum,184,183,100
OTU_15,140,1203,0,0,0,0,0,0,0,0,0,0,0,0,0,Cortinarius_ochraceobrunneus|KF732359|SH215616.07FU|refs|k__Fungi;p__Basidiomycota;c__Agaricomycetes;o__Agaricales;f__Cortinariaceae;g__Cortinarius;s__Cortinarius_ochraceobrunneus,256,251,93
OTU_16,0,1,0,0,0,0,0,0,0,0,0,0,1,0,0,Cladophialophora_sp|AY265338|SH213285.07FU|reps|k__Fungi;p__Ascomycota;c__Eurotiomycetes;o__Chaetothyriales;f__Herpotrichiellaceae;g__Cladophialophora;s__Cladophialophora_sp,205,203,94.1
OTU_17,1,0,0,0,0,0,0,0,0,0,0,0,0,0,0,Ascomycota_sp|AY805586|SH174174.07FU|reps|k__Fungi;p__Ascomycota;c__unidentified;o__unidentified;f__unidentified;g__unidentified;s__Ascomycota_sp,173,172,99.4
OTU_18,0,0,297,126,0,0,62,287,17,23,0,0,0,0,0,Suillus_brevipes,220,219,100
OTU_19,0,0,0,0,0,1,0,1,0,0,0,0,0,0,0,Agaricomycetes_sp|UDB008467|SH178752.07FU|refs|k__Fungi;p__Basidiomycota;c__Agaricomycetes;o__unidentified;f__unidentified;g__unidentified;s__Agaricomycetes_sp,202,200,72.4
OTU_20,0,0,0,0,0,0,0,0,0,0,0,0,0,0,0,Fungi_sp|UDB014753|SH535725.07FU|reps|k__Fungi;p__unidentified;c__unidentified;o__unidentified;f__unidentified;g__unidentified;s__Fungi_sp,175,172,80.8
OTU_21,0,0,0,0,0,0,0,0,0,0,0,0,0,0,0,Exophiala_brunnea|JF747062|SH197656.07FU|refs|k__Fungi;p__Ascomycota;c__Eurotiomycetes;o__Chaetothyriales;f__Herpotrichiellaceae;g__Exophiala;s__Exophiala_brunnea,208,208,91.9
OTU_22,0,0,0,0,0,0,0,0,0,0,0,1,0,1,0,Cladophialophora_sp|DQ124131|SH213286.07FU|reps|k__Fungi;p__Ascomycota;c__Eurotiomycetes;o__Chaetothyriales;f__Herpotrichiellaceae;g__Cladophialophora;s__Cladophialophora_sp,210,207,95.2
OTU_23,103,554,0,0,0,2,0,0,0,0,0,0,0,0,0,Pholiota_spumosa|UDB017957|SH219737.07FU|refs|k__Fungi;p__Basidiomycota;c__Agaricomycetes;o__Agaricales;f__Strophariaceae;g__Pholiota;s__Pholiota_spumosa,253,253,99.2
OTU_24,85,558,0,0,0,0,0,0,0,0,0,0,0,0,0,Tricholoma_columbetta|UDB015390|SH220595.07FU|refs|k__Fungi;p__Basidiomycota;c__Agaricomycetes;o__Agaricales;f__Tricholomataceae;g__Tricholoma;s__Tricholoma_columbetta,258,258,98.8
OTU_25,102,503,0,0,0,0,0,0,0,0,0,0,0,0,0,Entoloma_abortivum|FJ596870|SH185815.07FU|refs|k__Fungi;p__Basidiomycota;c__Agaricomycetes;o__Agaricales;f__Entolomataceae;g__Entoloma;s__Entoloma_abortivum,250,250,100
OTU_26,0,0,1,0,0,0,0,0,0,0,0,0,0,0,0,Capronia_semi-immersa|AF050259|SH196384.07FU|refs|k__Fungi;p__Ascomycota;c__Eurotiomycetes;o__Chaetothyriales;f__Herpotrichiellaceae;g__Capronia;s__Capronia_semi-immersa,210,210,99.5
OTU_27,89,448,0,0,0,0,0,0,1,0,0,0,0,1,0,Boletaceae_sp|UDB000458|SH218065.07FU|reps|k__Fungi;p__Basidiomycota;c__Agaricomycetes;o__Boletales;f__Boletaceae;g__unidentified;s__Boletaceae_sp,199,198,98
OTU_28,102,376,0,0,0,0,0,0,0,0,0,0,0,0,0,Helvella_vespertina|KC122844|SH179584.07FU|refs|k__Fungi;p__Ascomycota;c__Pezizomycetes;o__Pezizales;f__Helvellaceae;g__Helvella;s__Helvella_vespertina,271,270,99.6
OTU_29,0,0,0,1,0,0,0,0,0,0,0,0,0,0,0,Ceratobasidium_sp|GU985226|SH187929.07FU|reps|k__Fungi;p__Basidiomycota;c__Agaricomycetes;o__Cantharellales;f__Ceratobasidiaceae;g__Ceratobasidium;s__Ceratobasidium_sp,203,203,94.6
OTU_30,0,0,0,0,0,0,0,0,0,1,0,0,0,0,0,Pleosporales_sp|GU721359|SH174245.07FU|refs|k__Fungi;p__Ascomycota;c__Dothideomycetes;o__Pleosporales;f__unidentified;g__unidentified;s__Pleosporales_sp,180,179,100
OTU_31,0,0,0,0,0,0,0,0,0,0,0,0,0,0,0,Tomentella_sp|UDB005815|SH177825.07FU|reps|k__Fungi;p__Basidiomycota;c__Agaricomycetes;o__Thelephorales;f__Thelephoraceae;g__Tomentella;s__Tomentella_sp,217,217,99.5
OTU_32,0,0,0,0,0,0,0,0,0,0,0,0,0,0,0,Tremellomycetes_sp|FJ527033|SH211662.07FU|reps|k__Fungi;p__Basidiomycota;c__Tremellomycetes;o__unidentified;f__unidentified;g__unidentified;s__Tremellomycetes_sp,136,125,96.8
OTU_33,0,0,0,0,0,0,0,0,0,0,0,0,0,0,7,Mortierella_gamsii|HQ630340|SH180110.07FU|refs|k__Fungi;p__Zygomycota;c__Mortierellomycotina_cls_Incertae_sedis;o__Mortierellales;f__Mortierellaceae;g__Mortierella;s__Mortierella_gamsii,162,161,99.4
OTU_34,15,151,0,0,0,0,0,0,0,0,0,0,0,0,0,Thelephoraceae_sp|EU427330|SH184510.07FU|reps|k__Fungi;p__Basidiomycota;c__Agaricomycetes;o__Thelephorales;f__Thelephoraceae;g__unidentified;s__Thelephoraceae_sp,213,212,99.5
OTU_35,0,0,0,0,0,0,0,0,0,0,0,0,0,0,0,Fungi_sp|JF926966|SH202601.07FU|reps|k__Fungi;p__unidentified;c__unidentified;o__unidentified;f__unidentified;g__unidentified;s__Fungi_sp,161,156,70.1
OTU_36,0,0,0,0,0,0,0,0,0,0,0,0,0,0,0,Clitopilus_hobsonii|KC176282|SH190268.07FU|reps|k__Fungi;p__Basidiomycota;c__Agaricomycetes;o__Agaricales;f__Entolomataceae;g__Clitopilus;s__Clitopilus_hobsonii,248,246,93.1
OTU_37,0,0,0,0,0,0,0,0,0,0,0,0,0,0,0,Exophiala_moniliae|GU225948|SH199200.07FU|refs|k__Fungi;p__Ascomycota;c__Eurotiomycetes;o__Chaetothyriales;f__Herpotrichiellaceae;g__Exophiala;s__Exophiala_moniliae,210,209,97.6
OTU_38,34,84,0,0,0,0,0,0,0,0,0,0,0,0,0,Lactarius_sp|KT165269|SH532149.07FU|reps|k__Fungi;p__Basidiomycota;c__Agaricomycetes;o__Russulales;f__Russulaceae;g__Lactarius;s__Lactarius_sp,236,230,94.9
OTU_40,0,0,0,0,0,0,0,0,0,0,0,0,0,0,0,Penicillium_westlingii|GU944601|SH259266.07FU|refs|k__Fungi;p__Ascomycota;c__Eurotiomycetes;o__Eurotiales;f__Trichocomaceae;g__Penicillium;s__Penicillium_westlingii,190,190,98.4
OTU_39,0,0,0,0,0,0,0,0,0,0,0,0,0,0,0,Ascomycota_sp|JQ246357|SH217942.07FU|reps|k__Fungi;p__Ascomycota;c__unidentified;o__unidentified;f__unidentified;g__unidentified;s__Ascomycota_sp,171,171,100
OTU_41,0,0,0,0,0,0,0,0,0,0,0,0,0,0,0,Cucurbitariaceae_sp|AF502635|SH194427.07FU|reps|k__Fungi;p__Ascomycota;c__Dothideomycetes;o__Pleosporales;f__Cucurbitariaceae;g__unidentified;s__Cucurbitariaceae_sp,205,182,96.7
OTU_42,0,0,0,0,0,0,0,0,0,0,0,0,0,0,0,Didymosphaeriaceae_sp|KP843455|SH526154.07FU|reps|k__Fungi;p__Ascomycota;c__Dothideomycetes;o__Pleosporales;f__Didymosphaeriaceae;g__unidentified;s__Didymosphaeriaceae_sp,155,155,98.7
OTU_43,0,0,0,0,0,0,0,0,0,0,0,0,0,0,0,Sordariomycetes_sp|DQ421225|SH194337.07FU|reps|k__Fungi;p__Ascomycota;c__Sordariomycetes;o__unidentified;f__unidentified;g__unidentified;s__Sordariomycetes_sp,172,171,100
OTU_44,0,0,0,0,0,0,0,0,0,0,0,0,0,0,0,Cladophialophora_sp|DQ124131|SH213286.07FU|reps|k__Fungi;p__Ascomycota;c__Eurotiomycetes;o__Chaetothyriales;f__Herpotrichiellaceae;g__Cladophialophora;s__Cladophialophora_sp,208,206,90.9
OTU_46,21,50,0,0,0,0,0,0,0,0,0,0,0,0,0,Lepista_amara|KJ417276|SH523982.07FU|reps|k__Fungi;p__Basidiomycota;c__Agaricomycetes;o__Agaricales;f__Tricholomataceae;g__Lepista;s__Lepista_amara,276,267,94.2
OTU_45,0,0,0,0,0,0,0,0,0,0,0,0,0,0,0,Armillaria_mellea|JF313754|SH183696.07FU|reps|k__Fungi;p__Basidiomycota;c__Agaricomycetes;o__Agaricales;f__Physalacriaceae;g__Armillaria;s__Armillaria_mellea,274,274,100
OTU_47,0,0,0,0,0,0,0,0,0,0,0,0,0,0,0,Helotiales_sp|JF449506|SH194265.07FU|reps|k__Fungi;p__Ascomycota;c__Leotiomycetes;o__Helotiales;f__unidentified;g__unidentified;s__Helotiales_sp,177,173,94.9
OTU_48,0,0,0,0,0,0,0,0,0,0,0,0,0,0,0,Penicillium_simplicissimum|GU981576|SH086627.07FU|refs|k__Fungi;p__Ascomycota;c__Eurotiomycetes;o__Eurotiales;f__Trichocomaceae;g__Penicillium;s__Penicillium_simplicissimum,190,190,99.5
OTU_49,0,0,0,0,0,0,0,0,0,0,0,0,0,0,0,Entoloma_brunneosericeum|JX454866|SH221930.07FU|reps|k__Fungi;p__Basidiomycota;c__Agaricomycetes;o__Agaricales;f__Entolomataceae;g__Entoloma;s__Entoloma_brunneosericeum,243,243,100
OTU_50,0,0,0,0,0,0,0,0,1,0,0,0,0,0,0,Neosetophoma_sp|KC662235|SH183004.07FU|reps|k__Fungi;p__Ascomycota;c__Dothideomycetes;o__Pleosporales;f__Leptosphaeriaceae;g__Neosetophoma;s__Neosetophoma_sp,208,208,99.5
OTU_51,0,0,0,0,0,0,0,0,0,0,0,0,0,0,0,Mortierella_schmuckeri|HQ630338|SH083665.07FU|refs|k__Fungi;p__Zygomycota;c__Mortierellomycotina_cls_Incertae_sedis;o__Mortierellales;f__Mortierellaceae;g__Mortierella;s__Mortierella_schmuckeri,161,160,96.9
OTU_52,16,44,0,0,0,0,0,0,0,0,0,0,0,0,0,Suillus_viscidus|L54099|SH176748.07FU|refs|k__Fungi;p__Basidiomycota;c__Agaricomycetes;o__Boletales;f__Suillaceae;g__Suillus;s__Suillus_viscidus,223,220,99.1
OTU_53,0,0,0,0,0,0,0,0,0,0,0,0,0,0,0,Helotiaceae_sp|JX317124|SH181114.07FU|reps|k__Fungi;p__Ascomycota;c__Leotiomycetes;o__Helotiales;f__Helotiaceae;g__unidentified;s__Helotiaceae_sp,180,179,90
OTU_54,20,35,0,0,0,0,0,0,0,0,0,0,0,0,0,Helvella_dryophila|KC122861|SH222232.07FU|refs|k__Fungi;p__Ascomycota;c__Pezizomycetes;o__Pezizales;f__Helvellaceae;g__Helvella;s__Helvella_dryophila,260,259,99.6
OTU_55,0,0,0,0,0,0,0,0,0,0,0,0,0,0,0,Rhinocladiella_sp|FJ265766|SH199277.07FU|reps|k__Fungi;p__Ascomycota;c__Eurotiomycetes;o__Chaetothyriales;f__Herpotrichiellaceae;g__Rhinocladiella;s__Rhinocladiella_sp,201,199,94.1
OTU_56,0,0,0,0,0,0,0,0,0,0,0,0,0,0,0,Ascomycota_sp|EF419908|SH186928.07FU|reps|k__Fungi;p__Ascomycota;c__unidentified;o__unidentified;f__unidentified;g__unidentified;s__Ascomycota_sp,221,220,99.5
OTU_58,0,0,0,0,0,0,0,0,0,0,0,0,0,0,0,Penicillium_sp|AF178528|SH182541.07FU|reps|k__Fungi;p__Ascomycota;c__Eurotiomycetes;o__Eurotiales;f__Trichocomaceae;g__Penicillium;s__Penicillium_sp,190,189,97.9
OTU_57,0,0,0,0,0,0,0,0,0,0,0,0,0,0,31,Cryptococcus_podzolicus|AF444321|SH181879.07FU|refs|k__Fungi;p__Basidiomycota;c__Tremellomycetes;o__Tremellales;f__Tremellales_fam_Incertae_sedis;g__Cryptococcus;s__Cryptococcus_podzolicus,123,121,98.4
OTU_59,0,0,18,2,0,0,2,6,5,5,0,0,1,0,0,Candida_sake|KC922122|SH175136.07FU|reps|k__Fungi;p__Ascomycota;c__Saccharomycetes;o__Saccharomycetales;f__Saccharomycetales_fam_Incertae_sedis;g__Candida;s__Candida_sake,106,105,100
OTU_60,0,0,0,0,0,0,0,0,0,0,0,0,0,0,0,Lecanoromycetes_sp|EF373561|SH200318.07FU|reps|k__Fungi;p__Ascomycota;c__Lecanoromycetes;o__unidentified;f__unidentified;g__unidentified;s__Lecanoromycetes_sp,149,147,89.3
OTU_61,0,0,0,0,0,0,0,0,0,0,0,0,0,0,0,Ascomycota_sp|HQ115698|SH203497.07FU|reps|k__Fungi;p__Ascomycota;c__unidentified;o__unidentified;f__unidentified;g__unidentified;s__Ascomycota_sp,155,154,98.1
OTU_62,0,0,0,0,0,0,0,0,0,0,0,0,0,0,0,Cladosporium_sp|AF050265|SH213283.07FU|reps|k__Fungi;p__Ascomycota;c__Dothideomycetes;o__Capnodiales;f__Davidiellaceae;g__Cladosporium;s__Cladosporium_sp,216,216,99.5
OTU_63,8,19,0,0,0,0,0,0,0,0,0,0,0,0,0,Boletus_edulis|AY680987|SH190423.07FU|refs|k__Fungi;p__Basidiomycota;c__Agaricomycetes;o__Boletales;f__Boletaceae;g__Boletus;s__Boletus_edulis,224,221,99.1
OTU_64,0,0,0,0,0,0,0,0,0,0,0,0,0,0,0,Pseudogymnoascus_verrucosus|DQ117440|SH239071.07FU|refs|k__Fungi;p__Ascomycota;c__Leotiomycetes;o__Leotiomycetes_ord_Incertae_sedis;f__Myxotrichaceae;g__Pseudogymnoascus;s__Pseudogymnoascus_verrucosus,188,188,100
OTU_65,7,16,0,0,0,0,0,0,0,0,0,0,0,0,0,Suillus_grevillei|UDB018839|SH176747.07FU|refs|k__Fungi;p__Basidiomycota;c__Agaricomycetes;o__Boletales;f__Suillaceae;g__Suillus;s__Suillus_grevillei,223,222,96.8
OTU_66,0,0,0,0,0,0,0,0,0,0,0,0,0,0,0,Pyrenochaeta_keratinophila|EU885415|SH183894.07FU|refs|k__Fungi;p__Ascomycota;c__Dothideomycetes;o__Pleosporales;f__Pleosporales_fam_Incertae_sedis;g__Pyrenochaeta;s__Pyrenochaeta_keratinophila,166,164,95.8
OTU_67,0,0,0,0,0,0,0,0,0,0,0,0,0,0,0,Mortierella_epicladia|HQ630319|SH263084.07FU|refs|k__Fungi;p__Zygomycota;c__Mortierellomycotina_cls_Incertae_sedis;o__Mortierellales;f__Mortierellaceae;g__Mortierella;s__Mortierella_epicladia,171,171,100
OTU_68,0,0,0,0,0,0,0,0,0,0,0,0,0,0,0,Mortierella_gamsii|EF031112|SH193938.07FU|reps|k__Fungi;p__Zygomycota;c__Mortierellomycotina_cls_Incertae_sedis;o__Mortierellales;f__Mortierellaceae;g__Mortierella;s__Mortierella_gamsii,160,158,100
OTU_70,0,0,0,0,0,0,0,0,0,0,0,0,0,0,0,Herpotrichiellaceae_sp|AM711383|SH198015.07FU|reps|k__Fungi;p__Ascomycota;c__Eurotiomycetes;o__Chaetothyriales;f__Herpotrichiellaceae;g__unidentified;s__Herpotrichiellaceae_sp,207,204,92.9
OTU_71,0,0,0,0,0,0,0,0,0,0,0,0,0,0,17,Ascomycota_sp|GU067747|SH207731.07FU|reps|k__Fungi;p__Ascomycota;c__unidentified;o__unidentified;f__unidentified;g__unidentified;s__Ascomycota_sp,171,171,77
OTU_72,0,0,0,0,0,0,0,0,0,0,0,0,0,0,0,Ascomycota_sp|GQ996179|SH183895.07FU|reps|k__Fungi;p__Ascomycota;c__unidentified;o__unidentified;f__unidentified;g__unidentified;s__Ascomycota_sp,159,158,94.4
OTU_73,0,0,0,0,0,0,0,0,0,0,0,0,0,0,16,Mortierella_rishikesha|HQ630308|SH180109.07FU|refs|k__Fungi;p__Zygomycota;c__Mortierellomycotina_cls_Incertae_sedis;o__Mortierellales;f__Mortierellaceae;g__Mortierella;s__Mortierella_rishikesha,158,158,98.7
OTU_74,0,0,0,0,0,0,0,0,0,0,0,0,0,0,0,Mortierellales_sp|JX316327|SH213394.07FU|reps|k__Fungi;p__Zygomycota;c__Mortierellomycotina_cls_Incertae_sedis;o__Mortierellales;f__unidentified;g__unidentified;s__Mortierellales_sp,181,179,71.6
OTU_75,0,0,0,0,0,0,0,0,0,0,0,0,0,0,0,Trichoderma_koningiopsis|DQ313140|SH327523.07FU|refs|k__Fungi;p__Ascomycota;c__Sordariomycetes;o__Hypocreales;f__Hypocreaceae;g__Trichoderma;s__Trichoderma_koningiopsis,199,198,100
OTU_78,0,0,0,0,0,0,0,0,0,0,0,0,0,0,0,Desmazierella_acicola|LN589929|SH217461.07FU|reps|k__Fungi;p__Ascomycota;c__Pezizomycetes;o__Pezizales;f__Chorioactidaceae;g__Desmazierella;s__Desmazierella_acicola,227,215,89.1
OTU_76,0,0,0,0,0,0,0,0,0,0,0,0,0,0,0,Lecanoromycetes_sp|JN053083|SH200317.07FU|reps|k__Fungi;p__Ascomycota;c__Lecanoromycetes;o__unidentified;f__unidentified;g__unidentified;s__Lecanoromycetes_sp,150,148,91.9
OTU_79,0,0,0,0,0,0,0,0,0,0,0,0,0,0,0,Pleomassariaceae_sp|GU174276|SH198673.07FU|reps|k__Fungi;p__Ascomycota;c__Dothideomycetes;o__Pleosporales;f__Pleomassariaceae;g__unidentified;s__Pleomassariaceae_sp,148,146,94.7
OTU_83,0,0,0,0,0,0,0,0,0,0,0,0,0,0,0,Penicillium_soppii|AF033488|SH199403.07FU|refs|k__Fungi;p__Ascomycota;c__Eurotiomycetes;o__Eurotiales;f__Trichocomaceae;g__Penicillium;s__Penicillium_soppii,189,189,100
OTU_82,0,0,0,0,0,0,0,0,0,0,0,0,0,0,0,Ascomycota_sp|KJ777534|SH175271.07FU|reps|k__Fungi;p__Ascomycota;c__unidentified;o__unidentified;f__unidentified;g__unidentified;s__Ascomycota_sp,170,168,98.2
OTU_87,0,0,0,0,0,0,0,0,0,0,0,0,0,0,0,Cladophialophora_minutissima|EF016377|SH193236.07FU|reps|k__Fungi;p__Ascomycota;c__Eurotiomycetes;o__Chaetothyriales;f__Herpotrichiellaceae;g__Cladophialophora;s__Cladophialophora_minutissima,190,189,92.6
OTU_86,0,0,0,0,0,0,0,0,0,0,0,0,0,0,0,Phacidium_lacerum|FR837911|SH194391.07FU|refs|k__Fungi;p__Ascomycota;c__Leotiomycetes;o__Helotiales;f__Phacidiaceae;g__Phacidium;s__Phacidium_lacerum,177,158,98.7
OTU_85,0,0,0,0,0,0,0,0,0,0,0,0,0,0,0,Ascomycota_sp|JQ070517|SH199051.07FU|reps|k__Fungi;p__Ascomycota;c__unidentified;o__unidentified;f__unidentified;g__unidentified;s__Ascomycota_sp,160,160,100
OTU_84,0,0,0,0,0,0,0,0,0,0,0,0,0,0,0,Exophiala_brunnea|JF747062|SH197656.07FU|refs|k__Fungi;p__Ascomycota;c__Eurotiomycetes;o__Chaetothyriales;f__Herpotrichiellaceae;g__Exophiala;s__Exophiala_brunnea,210,207,86.8
OTU_91,0,0,0,0,0,0,0,0,0,1,0,0,0,0,1,Mycosphaerella_tassiana|EF679363|SH216250.07FU|refs|k__Fungi;p__Ascomycota;c__Dothideomycetes;o__Capnodiales;f__Mycosphaerellaceae;g__Mycosphaerella;s__Mycosphaerella_tassiana,170,170,100
OTU_94,0,0,0,0,0,0,0,0,0,0,0,0,0,0,0,Dothideales_sp|GU053791|SH207487.07FU|reps|k__Fungi;p__Ascomycota;c__Dothideomycetes;o__Dothideales;f__unidentified;g__unidentified;s__Dothideales_sp,184,175,81.5
OTU_92,0,0,0,0,0,0,0,0,0,0,0,0,0,0,0,Cryptococcus_pinus|EF672246|SH214578.07FU|refs|k__Fungi;p__Basidiomycota;c__Tremellomycetes;o__Tremellales;f__Tremellales_fam_Incertae_sedis;g__Cryptococcus;s__Cryptococcus_pinus,158,158,100
OTU_93,0,0,0,0,0,0,0,0,0,0,0,0,0,0,0,Cyphellophora_sessilis|EU514700|SH197859.07FU|refs|k__Fungi;p__Ascomycota;c__Eurotiomycetes;o__Chaetothyriales;f__Chaetothyriaceae;g__Cyphellophora;s__Cyphellophora_sessilis,228,228,100
OTU_89,0,0,0,0,0,0,0,0,0,0,0,0,0,0,0,Agaricales_sp|AY996628|SH184007.07FU|reps|k__Fungi;p__Basidiomycota;c__Agaricomycetes;o__Agaricales;f__unidentified;g__unidentified;s__Agaricales_sp,255,252,100
OTU_88,5,4,0,0,0,0,0,0,0,0,0,0,0,0,0,Leucopaxillus_sp|JQ639159|SH218493.07FU|refs|k__Fungi;p__Basidiomycota;c__Agaricomycetes;o__Agaricales;f__Tricholomataceae;g__Leucopaxillus;s__Leucopaxillus_sp,293,291,96.2
OTU_101,0,0,0,0,0,0,0,0,0,0,0,0,0,0,0,Phaeosphaeriaceae_sp|EF619689|SH182913.07FU|reps|k__Fungi;p__Ascomycota;c__Dothideomycetes;o__Pleosporales;f__Phaeosphaeriaceae;g__unidentified;s__Phaeosphaeriaceae_sp,155,155,100
OTU_100,0,0,0,0,0,0,0,0,0,0,0,0,0,0,0,Cladophialophora_sp|AB986342|SH525096.07FU|reps|k__Fungi;p__Ascomycota;c__Eurotiomycetes;o__Chaetothyriales;f__Herpotrichiellaceae;g__Cladophialophora;s__Cladophialophora_sp,208,203,74
OTU_103,0,0,2,0,0,0,0,0,0,0,0,0,0,0,6,Mortierella_macrocystis|JQ272448|SH187863.07FU|reps|k__Fungi;p__Zygomycota;c__Mortierellomycotina_cls_Incertae_sedis;o__Mortierellales;f__Mortierellaceae;g__Mortierella;s__Mortierella_macrocystis,172,170,100
OTU_102,0,0,0,0,0,0,0,0,0,0,0,0,0,0,0,Ascomycota_sp|GU909953|SH184178.07FU|reps|k__Fungi;p__Ascomycota;c__unidentified;o__unidentified;f__unidentified;g__unidentified;s__Ascomycota_sp,157,157,100
OTU_104,0,0,0,0,0,0,0,0,0,0,0,0,0,0,0,Slooffia_tsugae|KJ706358|SH191344.07FU|reps|k__Fungi;p__Basidiomycota;c__Microbotryomycetes;o__Microbotryomycetes_ord_Incertae_sedis;f__Microbotryomycetes_fam_Incertae_sedis;g__Slooffia;s__Slooffia_tsugae,196,190,86.1
OTU_96,0,0,0,0,0,0,0,0,0,0,0,0,0,0,0,Capronia_sp|AY843201|SH213271.07FU|reps|k__Fungi;p__Ascomycota;c__Eurotiomycetes;o__Chaetothyriales;f__Herpotrichiellaceae;g__Capronia;s__Capronia_sp,210,208,93.8
OTU_97,0,0,0,0,0,0,0,0,0,0,0,0,0,0,0,Chaetothyriales_sp|KP174854|SH530157.07FU|reps|k__Fungi;p__Ascomycota;c__Eurotiomycetes;o__Chaetothyriales;f__unidentified;g__unidentified;s__Chaetothyriales_sp,241,241,96.7
OTU_98,0,0,0,0,0,0,0,0,0,0,0,0,0,0,8,Aspergillus_hiratsukae|JN943580|SH302269.07FU|refs|k__Fungi;p__Ascomycota;c__Eurotiomycetes;o__Eurotiales;f__Trichocomaceae;g__Aspergillus;s__Aspergillus_hiratsukae,201,200,97
OTU_109,0,0,0,0,0,0,0,0,0,0,0,0,0,0,0,Capronia_sp|AY843201|SH213271.07FU|reps|k__Fungi;p__Ascomycota;c__Eurotiomycetes;o__Chaetothyriales;f__Herpotrichiellaceae;g__Capronia;s__Capronia_sp,208,208,98.1
OTU_108,0,0,0,0,0,0,0,0,0,0,0,0,0,0,0,Coniothyrium_carteri|JF740181|SH192125.07FU|reps|k__Fungi;p__Ascomycota;c__Dothideomycetes;o__Pleosporales;f__Leptosphaeriaceae;g__Coniothyrium;s__Coniothyrium_carteri,198,198,100
OTU_105,0,0,0,0,0,0,0,0,0,0,0,0,0,0,0,Eurotiomycetes_sp|JQ061171|SH193970.07FU|reps|k__Fungi;p__Ascomycota;c__Eurotiomycetes;o__unidentified;f__unidentified;g__unidentified;s__Eurotiomycetes_sp,229,189,100
OTU_107,0,0,0,0,0,0,0,0,0,0,0,0,0,0,0,Xenopolyscytalum_sp|KJ842598|SH223448.07FU|reps|k__Fungi;p__Ascomycota;c__Leotiomycetes;o__Helotiales;f__Helotiales_fam_Incertae_sedis;g__Xenopolyscytalum;s__Xenopolyscytalum_sp,173,172,91.3
OTU_106,0,0,0,0,0,0,0,0,0,0,0,0,0,0,0,Cladophialophora_sylvestris|EU137330|SH193247.07FU|reps|k__Fungi;p__Ascomycota;c__Eurotiomycetes;o__Chaetothyriales;f__Herpotrichiellaceae;g__Cladophialophora;s__Cladophialophora_sylvestris,192,192,100
OTU_116,0,0,0,0,0,0,0,0,0,0,0,0,0,0,0,Helotiales_sp|JX001628|SH195219.07FU|reps|k__Fungi;p__Ascomycota;c__Leotiomycetes;o__Helotiales;f__unidentified;g__unidentified;s__Helotiales_sp,166,165,98.8
OTU_117,0,0,0,0,0,0,0,0,0,0,0,0,0,0,0,Cryptococcus_fagi|DQ054534|SH181988.07FU|refs|k__Fungi;p__Basidiomycota;c__Tremellomycetes;o__Tremellales;f__Tremellales_fam_Incertae_sedis;g__Cryptococcus;s__Cryptococcus_fagi,121,119,95
OTU_115,0,0,0,0,0,0,0,0,0,0,0,0,0,0,7,Mortierella_rishikesha|HQ630308|SH180109.07FU|refs|k__Fungi;p__Zygomycota;c__Mortierellomycotina_cls_Incertae_sedis;o__Mortierellales;f__Mortierellaceae;g__Mortierella;s__Mortierella_rishikesha,162,159,98.1
OTU_112,0,0,0,0,0,0,0,0,0,0,0,0,0,0,0,Cryptococcus_fagi|DQ054534|SH181988.07FU|refs|k__Fungi;p__Basidiomycota;c__Tremellomycetes;o__Tremellales;f__Tremellales_fam_Incertae_sedis;g__Cryptococcus;s__Cryptococcus_fagi,121,119,99.2
OTU_113,0,0,0,0,0,0,0,0,0,0,0,0,0,0,0,Herpotrichiellaceae_sp|FR718473|SH198014.07FU|reps|k__Fungi;p__Ascomycota;c__Eurotiomycetes;o__Chaetothyriales;f__Herpotrichiellaceae;g__unidentified;s__Herpotrichiellaceae_sp,210,210,97.6
OTU_110,0,0,0,0,0,0,0,0,0,0,0,0,0,0,0,Ascomycota_sp|GQ996179|SH183895.07FU|reps|k__Fungi;p__Ascomycota;c__unidentified;o__unidentified;f__unidentified;g__unidentified;s__Ascomycota_sp,159,159,100
OTU_111,0,0,0,0,0,0,0,0,0,0,0,0,0,0,0,Pleosporales_sp|FJ266734|SH182915.07FU|reps|k__Fungi;p__Ascomycota;c__Dothideomycetes;o__Pleosporales;f__unidentified;g__unidentified;s__Pleosporales_sp,154,153,100
OTU_123,0,0,0,0,0,0,0,0,0,0,0,0,0,0,0,Fungi_sp|JX852323|SH209678.07FU|reps|k__Fungi;p__unidentified;c__unidentified;o__unidentified;f__unidentified;g__unidentified;s__Fungi_sp,200,163,85.5
OTU_122,0,0,0,0,0,0,0,0,0,0,0,0,0,0,0,Slimacomyces_isiola|AB597207|SH220343.07FU|reps|k__Fungi;p__Ascomycota;c__Pezizomycotina_cls_Incertae_sedis;o__Pezizomycotina_ord_Incertae_sedis;f__Pezizomycotina_fam_Incertae_sedis;g__Slimacomyces;s__Slimacomyces_isiola,193,174,72.2
OTU_121,0,0,0,0,0,0,0,0,0,0,0,0,0,0,0,Lophiostoma_sp|JX043188|SH216759.07FU|reps|k__Fungi;p__Ascomycota;c__Dothideomycetes;o__Pleosporales;f__Lophiostomataceae;g__Lophiostoma;s__Lophiostoma_sp,160,158,93.1
OTU_120,0,0,0,0,0,0,0,0,0,0,0,0,0,0,0,Paraphaeosphaeria_pilleata|AF250821|SH186980.07FU|reps|k__Fungi;p__Ascomycota;c__Dothideomycetes;o__Pleosporales;f__Montagnulaceae;g__Paraphaeosphaeria;s__Paraphaeosphaeria_pilleata,197,196,96
OTU_118,0,0,0,0,0,0,0,0,0,0,0,0,0,0,0,Penicillium_catenatum|AF033487|SH199409.07FU|refs|k__Fungi;p__Ascomycota;c__Eurotiomycetes;o__Eurotiales;f__Trichocomaceae;g__Penicillium;s__Penicillium_catenatum,189,189,97.4
OTU_119,0,0,0,0,0,0,0,0,0,0,0,0,0,0,0,Strelitziana_albiziae|HQ599584|SH193004.07FU|reps|k__Fungi;p__Ascomycota;c__Eurotiomycetes;o__Chaetothyriales;f__Chaetothyriales_fam_Incertae_sedis;g__Strelitziana;s__Strelitziana_albiziae,212,210,97.6
OTU_129,0,0,0,0,0,0,0,0,0,0,0,0,0,0,0,Tremellomycetes_sp|EU292449|SH182180.07FU|reps|k__Fungi;p__Basidiomycota;c__Tremellomycetes;o__unidentified;f__unidentified;g__unidentified;s__Tremellomycetes_sp,128,123,85.8
OTU_128,1,0,0,0,0,0,0,0,0,0,0,0,0,0,0,Pleosporales_sp|KJ486534|SH180767.07FU|reps|k__Fungi;p__Ascomycota;c__Dothideomycetes;o__Pleosporales;f__unidentified;g__unidentified;s__Pleosporales_sp,191,189,100
OTU_127,0,0,0,0,0,0,0,0,0,0,0,0,0,0,0,Cryptococcus_terricola|AF444350|SH190017.07FU|refs|k__Fungi;p__Basidiomycota;c__Tremellomycetes;o__Tremellales;f__Tremellales_fam_Incertae_sedis;g__Cryptococcus;s__Cryptococcus_terricola,179,178,100
OTU_126,0,0,0,0,0,0,0,0,0,0,0,0,0,0,0,Exophiala_moniliae|HE605213|SH199199.07FU|reps|k__Fungi;p__Ascomycota;c__Eurotiomycetes;o__Chaetothyriales;f__Herpotrichiellaceae;g__Exophiala;s__Exophiala_moniliae,206,205,93.7
OTU_130,0,0,0,0,0,0,0,0,0,0,0,0,0,0,0,Mortierella_humilis|JN943793|SH196779.07FU|refs|k__Fungi;p__Zygomycota;c__Mortierellomycotina_cls_Incertae_sedis;o__Mortierellales;f__Mortierellaceae;g__Mortierella;s__Mortierella_humilis,172,170,100
OTU_131,0,0,0,0,0,0,0,0,0,0,0,0,0,0,5,Sebacinaceae_sp|HM488519|SH197132.07FU|refs|k__Fungi;p__Basidiomycota;c__Agaricomycetes;o__Sebacinales;f__Sebacinaceae;g__unidentified;s__Sebacinaceae_sp,189,179,86.4
OTU_132,0,0,0,0,0,0,0,0,0,0,0,0,0,0,0,Ascomycota_sp|GQ996176|SH204699.07FU|reps|k__Fungi;p__Ascomycota;c__unidentified;o__unidentified;f__unidentified;g__unidentified;s__Ascomycota_sp,142,142,100
OTU_139,0,0,0,0,0,0,0,0,0,0,0,0,0,0,0,Lophodermium_macci|JQ761144|SH204412.07FU|reps|k__Fungi;p__Ascomycota;c__Leotiomycetes;o__Rhytismatales;f__Rhytismataceae;g__Lophodermium;s__Lophodermium_macci,142,142,97.9
OTU_134,0,0,0,0,0,0,0,0,0,0,0,0,0,0,0,Umbelopsis_sp|AB813149|SH196097.07FU|reps|k__Fungi;p__Zygomycota;c__Mucoromycotina_cls_Incertae_sedis;o__Mucorales;f__Umbelopsidaceae;g__Umbelopsis;s__Umbelopsis_sp,187,187,94.3
OTU_135,0,0,0,0,0,0,0,0,0,0,0,0,0,0,0,Conlarium_duplumascospora|JN936996|SH204529.07FU|reps|k__Fungi;p__Ascomycota;c__Sordariomycetes;o__Sordariomycetidae_ord_Incertae_sedis;f__Annulatascaceae;g__Conlarium;s__Conlarium_duplumascospora,178,174,71.8
OTU_137,0,0,0,0,0,0,0,0,0,0,0,0,0,0,0,Cryptococcus_fagi|DQ054534|SH181988.07FU|refs|k__Fungi;p__Basidiomycota;c__Tremellomycetes;o__Tremellales;f__Tremellales_fam_Incertae_sedis;g__Cryptococcus;s__Cryptococcus_fagi,119,118,90.8
OTU_133,0,0,0,0,0,0,0,0,0,0,0,0,0,0,0,Penicillium_glandicola|JX997082|SH407730.07FU|refs|k__Fungi;p__Ascomycota;c__Eurotiomycetes;o__Eurotiales;f__Trichocomaceae;g__Penicillium;s__Penicillium_glandicola,190,189,99.5
OTU_141,0,0,0,0,0,0,0,0,0,0,0,0,0,0,0,Cucurbitariaceae_sp|AF502635|SH194427.07FU|reps|k__Fungi;p__Ascomycota;c__Dothideomycetes;o__Pleosporales;f__Cucurbitariaceae;g__unidentified;s__Cucurbitariaceae_sp,203,182,96.2
OTU_140,0,0,0,0,0,0,0,0,0,0,0,0,0,0,0,Fungi_sp|JX852323|SH209678.07FU|reps|k__Fungi;p__unidentified;c__unidentified;o__unidentified;f__unidentified;g__unidentified;s__Fungi_sp,202,164,87.4
OTU_163,0,0,0,0,0,0,0,0,0,0,0,0,0,0,0,Hydnocristella_himantia|AY969951|SH214138.07FU|reps|k__Fungi;p__Basidiomycota;c__Agaricomycetes;o__Gomphales;f__Lentariaceae;g__Hydnocristella;s__Hydnocristella_himantia,217,217,99.5
OTU_158,0,0,0,0,0,0,0,0,0,0,0,0,0,0,0,Sporobolomyces_inositophilus|AF444559|SH199443.07FU|refs|k__Fungi;p__Basidiomycota;c__Microbotryomycetes;o__Sporidiobolales;f__Sporidiobolales_fam_Incertae_sedis;g__Sporobolomyces;s__Sporobolomyces_inositophilus,199,197,86.3
OTU_159,0,0,0,0,0,0,0,0,0,0,0,0,0,0,0,Cryptococcus_fagi|DQ054534|SH181988.07FU|refs|k__Fungi;p__Basidiomycota;c__Tremellomycetes;o__Tremellales;f__Tremellales_fam_Incertae_sedis;g__Cryptococcus;s__Cryptococcus_fagi,121,119,95.8
OTU_156,0,0,0,0,0,0,0,1,0,0,0,0,0,0,0,Pleosporales_sp|JQ758141|SH182979.07FU|reps|k__Fungi;p__Ascomycota;c__Dothideomycetes;o__Pleosporales;f__unidentified;g__unidentified;s__Pleosporales_sp,207,196,100
OTU_154,0,0,0,0,0,0,0,0,0,0,0,0,0,0,0,Capronia_pilosella|DQ826737|SH185061.07FU|refs|k__Fungi;p__Ascomycota;c__Eurotiomycetes;o__Chaetothyriales;f__Herpotrichiellaceae;g__Capronia;s__Capronia_pilosella,209,208,96.6
OTU_161,0,0,0,0,0,0,0,0,0,0,0,0,0,0,0,Lecanoromycetes_sp|JN053083|SH200317.07FU|reps|k__Fungi;p__Ascomycota;c__Lecanoromycetes;o__unidentified;f__unidentified;g__unidentified;s__Lecanoromycetes_sp,157,147,75.9
OTU_160,0,0,0,0,0,0,0,0,0,0,0,0,0,0,0,Venturiaceae_sp|JF424292|SH204181.07FU|reps|k__Fungi;p__Ascomycota;c__Dothideomycetes;o__Venturiales;f__Venturiaceae;g__unidentified;s__Venturiaceae_sp,181,180,91.2
OTU_165,0,0,0,0,0,0,0,0,0,0,0,0,0,0,0,Sporormiaceae_sp|FJ475668|SH184189.07FU|reps|k__Fungi;p__Ascomycota;c__Dothideomycetes;o__Pleosporales;f__Sporormiaceae;g__unidentified;s__Sporormiaceae_sp,156,155,100
OTU_143,0,0,0,0,0,0,0,0,0,0,0,0,0,0,0,Helotiales_sp|HQ611301|SH207729.07FU|reps|k__Fungi;p__Ascomycota;c__Leotiomycetes;o__Helotiales;f__unidentified;g__unidentified;s__Helotiales_sp,177,175,86.4
OTU_164,0,0,0,0,0,0,0,0,0,0,0,0,0,0,3,Russulaceae_sp|JQ393112|SH180273.07FU|reps|k__Fungi;p__Basidiomycota;c__Agaricomycetes;o__Russulales;f__Russulaceae;g__unidentified;s__Russulaceae_sp,216,216,98.6
OTU_142,0,0,0,0,0,0,0,0,0,0,0,0,0,0,0,Penicillium_sclerotiorum|AY373930|SH182484.07FU|refs|k__Fungi;p__Ascomycota;c__Eurotiomycetes;o__Eurotiales;f__Trichocomaceae;g__Penicillium;s__Penicillium_sclerotiorum,191,188,95.8
OTU_152,0,0,0,0,0,0,0,0,0,0,0,0,0,0,0,Ceratobasidiaceae_sp|KC966210|SH187170.07FU|reps|k__Fungi;p__Basidiomycota;c__Agaricomycetes;o__Cantharellales;f__Ceratobasidiaceae;g__unidentified;s__Ceratobasidiaceae_sp,207,205,99
OTU_153,0,0,0,0,0,0,0,0,0,0,0,0,0,0,0,Cladosporium_grevilleae|JF770450|SH176536.07FU|refs|k__Fungi;p__Ascomycota;c__Dothideomycetes;o__Capnodiales;f__Davidiellaceae;g__Cladosporium;s__Cladosporium_grevilleae,189,188,100
OTU_150,0,0,0,0,0,0,0,0,0,0,0,0,0,0,0,Cladophialophora_sp|KC626050|SH213290.07FU|reps|k__Fungi;p__Ascomycota;c__Eurotiomycetes;o__Chaetothyriales;f__Herpotrichiellaceae;g__Cladophialophora;s__Cladophialophora_sp,208,173,97.1
OTU_151,0,0,0,0,0,0,0,0,0,0,0,0,0,0,0,Chaetothyriales_sp|HQ832997|SH197863.07FU|reps|k__Fungi;p__Ascomycota;c__Eurotiomycetes;o__Chaetothyriales;f__unidentified;g__unidentified;s__Chaetothyriales_sp,223,220,93.2
OTU_166,0,0,0,0,0,0,0,0,0,0,0,0,0,0,3,Marasmius_siccus|FJ904989|SH218024.07FU|reps|k__Fungi;p__Basidiomycota;c__Agaricomycetes;o__Agaricales;f__Marasmiaceae;g__Marasmius;s__Marasmius_siccus,225,216,99.1
OTU_145,0,0,2,0,0,0,0,0,0,0,0,0,0,0,0,Hannaella_zeae|AJ965481|SH180505.07FU|reps|k__Fungi;p__Basidiomycota;c__Tremellomycetes;o__Tremellales;f__Tremellales_fam_Incertae_sedis;g__Hannaella;s__Hannaella_zeae,125,124,99.2
OTU_144,0,0,0,0,0,0,0,0,0,0,0,0,0,0,0,Umbelopsis_angularis|JN206380|SH188388.07FU|refs|k__Fungi;p__Zygomycota;c__Mucoromycotina_cls_Incertae_sedis;o__Mucorales;f__Umbelopsidaceae;g__Umbelopsis;s__Umbelopsis_angularis,192,192,99
OTU_147,0,0,0,0,0,0,0,0,0,0,0,0,0,0,0,Trichoderma_minutisporum|DQ083015|SH229381.07FU|refs|k__Fungi;p__Ascomycota;c__Sordariomycetes;o__Hypocreales;f__Hypocreaceae;g__Trichoderma;s__Trichoderma_minutisporum,243,236,98.7
OTU_157,0,0,0,0,0,0,0,0,0,0,0,0,0,0,0,Capnodiales_sp|KC977997|SH174502.07FU|reps|k__Fungi;p__Ascomycota;c__Dothideomycetes;o__Capnodiales;f__unidentified;g__unidentified;s__Capnodiales_sp,165,163,81.2
OTU_148,0,0,0,0,0,0,0,0,0,0,0,0,0,0,0,Ascomycota_sp|DQ421181|SH180409.07FU|reps|k__Fungi;p__Ascomycota;c__unidentified;o__unidentified;f__unidentified;g__unidentified;s__Ascomycota_sp,180,179,99.4
OTU_170,0,0,0,0,0,0,0,0,0,0,0,0,0,0,0,Fungi_sp|JX852323|SH209678.07FU|reps|k__Fungi;p__unidentified;c__unidentified;o__unidentified;f__unidentified;g__unidentified;s__Fungi_sp,201,162,87.4
OTU_171,0,0,0,0,0,0,0,0,0,0,0,0,0,0,0,Chaetothyriales_sp|KF614883|SH530039.07FU|reps|k__Fungi;p__Ascomycota;c__Eurotiomycetes;o__Chaetothyriales;f__unidentified;g__unidentified;s__Chaetothyriales_sp,207,206,96.6
OTU_172,0,0,0,0,0,0,0,0,0,0,0,0,0,0,0,Fungi_sp|JX852323|SH209678.07FU|reps|k__Fungi;p__unidentified;c__unidentified;o__unidentified;f__unidentified;g__unidentified;s__Fungi_sp,201,164,85
OTU_177,0,0,2,0,0,0,0,0,0,0,0,0,0,0,0,Bulleromyces_albus|AF444662|SH215453.07FU|refs|k__Fungi;p__Basidiomycota;c__Tremellomycetes;o__Tremellales;f__Tremellales_fam_Incertae_sedis;g__Bulleromyces;s__Bulleromyces_albus,133,132,100
OTU_181,0,0,0,0,0,0,0,0,0,0,0,0,0,0,0,Teratosphaeriaceae_sp|JN053155|SH219834.07FU|reps|k__Fungi;p__Ascomycota;c__Dothideomycetes;o__Capnodiales;f__Teratosphaeriaceae;g__unidentified;s__Teratosphaeriaceae_sp,171,168,90.6
OTU_185,0,0,0,0,0,0,0,0,0,0,0,0,0,0,0,Mortierella_sp|EU240145|SH193946.07FU|reps|k__Fungi;p__Zygomycota;c__Mortierellomycotina_cls_Incertae_sedis;o__Mortierellales;f__Mortierellaceae;g__Mortierella;s__Mortierella_sp,168,157,80.5
OTU_184,1,1,0,0,0,0,0,0,0,0,0,0,0,0,0,Fuscoboletinus_spectabilis|L54104|SH176766.07FU|refs|k__Fungi;p__Basidiomycota;c__Agaricomycetes;o__Boletales;f__Suillaceae;g__Fuscoboletinus;s__Fuscoboletinus_spectabilis,229,228,100
OTU_187,0,0,0,0,0,0,0,0,0,0,0,0,0,0,0,Pleosporales_sp|EU489923|SH221584.07FU|reps|k__Fungi;p__Ascomycota;c__Dothideomycetes;o__Pleosporales;f__unidentified;g__unidentified;s__Pleosporales_sp,289,276,82.6
OTU_186,0,0,0,0,0,0,0,0,0,2,0,0,0,0,0,Mortierella_hyalina|HQ630355|SH180112.07FU|refs|k__Fungi;p__Zygomycota;c__Mortierellomycotina_cls_Incertae_sedis;o__Mortierellales;f__Mortierellaceae;g__Mortierella;s__Mortierella_hyalina,168,144,99.3
OTU_188,0,0,0,0,0,0,0,0,0,2,0,0,0,0,0,Tomentella_sp|DQ974784|SH189541.07FU|reps|k__Fungi;p__Basidiomycota;c__Agaricomycetes;o__Thelephorales;f__Thelephoraceae;g__Tomentella;s__Tomentella_sp,218,216,95.9
OTU_167,0,0,1,0,0,0,0,0,0,0,0,0,0,0,0,Cryptococcus_laurentii|AB035046|SH204070.07FU|refs|k__Fungi;p__Basidiomycota;c__Tremellomycetes;o__Tremellales;f__Tremellales_fam_Incertae_sedis;g__Cryptococcus;s__Cryptococcus_laurentii,125,124,100
OTU_198,0,0,0,0,0,0,0,0,0,0,0,0,0,0,0,Herpotrichiellaceae_sp|AM711383|SH198015.07FU|reps|k__Fungi;p__Ascomycota;c__Eurotiomycetes;o__Chaetothyriales;f__Herpotrichiellaceae;g__unidentified;s__Herpotrichiellaceae_sp,208,203,87.3
OTU_199,0,0,0,0,0,0,0,0,0,0,0,0,0,0,2,Penicillium_swiecickii|AF033490|SH279517.07FU|refs|k__Fungi;p__Ascomycota;c__Eurotiomycetes;o__Eurotiales;f__Trichocomaceae;g__Penicillium;s__Penicillium_swiecickii,188,188,100
OTU_196,0,0,0,0,0,0,0,0,0,0,0,0,0,0,0,Xenopolyscytalum_sp|KJ842598|SH223448.07FU|reps|k__Fungi;p__Ascomycota;c__Leotiomycetes;o__Helotiales;f__Helotiales_fam_Incertae_sedis;g__Xenopolyscytalum;s__Xenopolyscytalum_sp,174,172,91.4
OTU_197,0,0,0,0,0,0,0,0,0,0,0,0,0,0,0,Rhinocladiella_sp|FJ265768|SH199269.07FU|reps|k__Fungi;p__Ascomycota;c__Eurotiomycetes;o__Chaetothyriales;f__Herpotrichiellaceae;g__Rhinocladiella;s__Rhinocladiella_sp,199,199,93.7
OTU_194,0,0,0,0,0,1,0,0,0,0,0,0,0,1,0,Cenococcum_geophilum,155,154,99.4
OTU_195,0,0,0,0,0,0,0,0,0,0,0,0,0,0,0,Fungi_sp|EF433960|SH182153.07FU|reps|k__Fungi;p__unidentified;c__unidentified;o__unidentified;f__unidentified;g__unidentified;s__Fungi_sp,155,145,80.4
OTU_192,0,0,0,0,0,0,0,0,0,0,0,0,0,0,0,Basidiomycota_sp|EU871494|SH194777.07FU|reps|k__Fungi;p__Basidiomycota;c__unidentified;o__unidentified;f__unidentified;g__unidentified;s__Basidiomycota_sp,153,151,98
OTU_193,0,0,0,0,0,0,0,0,0,0,0,0,0,0,0,Yamadazyma_mexicana|EF568069|SH203602.07FU|refs|k__Fungi;p__Ascomycota;c__Saccharomycetes;o__Saccharomycetales;f__Pichiaceae;g__Yamadazyma;s__Yamadazyma_mexicana,216,216,100
OTU_190,0,0,0,0,0,0,0,0,0,0,0,0,0,0,0,Venturiaceae_sp|KT581884|SH523852.07FU|reps|k__Fungi;p__Ascomycota;c__Dothideomycetes;o__Venturiales;f__Venturiaceae;g__unidentified;s__Venturiaceae_sp,155,154,90.5
OTU_191,0,0,0,0,0,0,0,0,0,0,0,0,0,0,0,Cystofilobasidiales_sp|AM999645|SH182182.07FU|reps|k__Fungi;p__Basidiomycota;c__Tremellomycetes;o__Cystofilobasidiales;f__unidentified;g__unidentified;s__Cystofilobasidiales_sp,139,124,81.3
OTU_202,0,0,0,0,0,0,0,0,0,0,0,0,0,0,0,Fungi_sp|KF274463|SH200319.07FU|reps|k__Fungi;p__unidentified;c__unidentified;o__unidentified;f__unidentified;g__unidentified;s__Fungi_sp,150,148,85.2
OTU_203,0,0,0,0,0,0,0,0,0,0,0,0,0,0,0,Polyporales_sp|EF059994|SH187220.07FU|reps|k__Fungi;p__Basidiomycota;c__Agaricomycetes;o__Polyporales;f__unidentified;g__unidentified;s__Polyporales_sp,217,217,100
OTU_200,0,0,0,0,0,0,0,0,0,0,0,0,0,0,0,Mycosphaerella_fimbriata|EF394835|SH200524.07FU|reps|k__Fungi;p__Ascomycota;c__Dothideomycetes;o__Capnodiales;f__Mycosphaerellaceae;g__Mycosphaerella;s__Mycosphaerella_fimbriata,164,156,81
OTU_201,0,0,0,0,0,0,0,0,0,0,0,0,0,0,0,Leptodontidium_trabinellum|AY781230|SH203225.07FU|reps|k__Fungi;p__Ascomycota;c__Leotiomycetes;o__Helotiales;f__Helotiales_fam_Incertae_sedis;g__Leptodontidium;s__Leptodontidium_trabinellum,184,183,98.9
OTU_206,0,0,0,0,0,0,0,0,0,0,0,0,0,0,0,Auriculariales_sp|JX998766|SH209158.07FU|reps|k__Fungi;p__Basidiomycota;c__Agaricomycetes;o__Auriculariales;f__unidentified;g__unidentified;s__Auriculariales_sp,177,177,94.9
OTU_207,0,0,0,0,0,0,1,0,1,0,0,0,0,0,0,Candida_sake|KC922122|SH175136.07FU|reps|k__Fungi;p__Ascomycota;c__Saccharomycetes;o__Saccharomycetales;f__Saccharomycetales_fam_Incertae_sedis;g__Candida;s__Candida_sake,107,105,95.3
OTU_204,0,0,0,0,0,0,0,0,0,0,0,0,0,0,0,Lecanoromycetes_sp|JN053083|SH200317.07FU|reps|k__Fungi;p__Ascomycota;c__Lecanoromycetes;o__unidentified;f__unidentified;g__unidentified;s__Lecanoromycetes_sp,149,148,95.3
OTU_205,0,0,0,0,0,0,0,0,0,0,0,0,0,0,0,Batcheloromyces_leucadendri|EU707890|SH214158.07FU|reps|k__Fungi;p__Ascomycota;c__Dothideomycetes;o__Capnodiales;f__Teratosphaeriaceae;g__Batcheloromyces;s__Batcheloromyces_leucadendri,168,161,80.2
OTU_208,0,0,0,0,0,0,0,0,0,0,0,0,0,0,0,Cryptococcus_sp|HQ890362|SH181992.07FU|reps|k__Fungi;p__Basidiomycota;c__Tremellomycetes;o__Tremellales;f__Tremellales_fam_Incertae_sedis;g__Cryptococcus;s__Cryptococcus_sp,116,113,88.7
OTU_183,0,0,0,0,0,0,0,0,0,0,0,0,0,0,0,Phialocephala_dimorphospora|AF486121|SH204988.07FU|refs|k__Fungi;p__Ascomycota;c__Leotiomycetes;o__Helotiales;f__Vibrisseaceae;g__Phialocephala;s__Phialocephala_dimorphospora,183,182,90.8
OTU_169,0,0,0,0,0,0,0,0,0,0,0,0,0,0,0,Selenophoma_mahoniae|FJ150872|SH103325.07FU|refs|k__Fungi;p__Ascomycota;c__Dothideomycetes;o__Dothideales;f__Dothioraceae;g__Selenophoma;s__Selenophoma_mahoniae,195,195,99
OTU_168,0,0,0,0,0,0,0,0,0,0,0,0,0,0,0,Lalaria_sp|AY239215|SH193600.07FU|refs|k__Fungi;p__Ascomycota;c__Taphrinomycetes;o__Taphrinales;f__Taphrinaceae;g__Lalaria;s__Lalaria_sp,192,188,88
OTU_189,0,0,0,0,0,0,0,0,0,0,0,0,0,0,0,Penicillium_restrictum|AF033457|SH331610.07FU|refs_singleton|k__Fungi;p__Ascomycota;c__Eurotiomycetes;o__Eurotiales;f__Trichocomaceae;g__Penicillium;s__Penicillium_restrictum,189,189,99.5
OTU_178,0,0,0,0,0,0,0,0,0,0,0,0,0,0,0,Sporobolomyces_inositophilus|AF444559|SH199443.07FU|refs|k__Fungi;p__Basidiomycota;c__Microbotryomycetes;o__Sporidiobolales;f__Sporidiobolales_fam_Incertae_sedis;g__Sporobolomyces;s__Sporobolomyces_inositophilus,205,204,97.5
OTU_179,0,0,0,0,0,0,0,0,0,0,0,0,0,0,0,Xenopolyscytalum_pinea|HQ599581|SH202693.07FU|refs|k__Fungi;p__Ascomycota;c__Leotiomycetes;o__Helotiales;f__Helotiales_fam_Incertae_sedis;g__Xenopolyscytalum;s__Xenopolyscytalum_pinea,174,173,99.4
OTU_182,0,0,2,0,0,0,0,0,0,0,0,0,0,0,0,Grifola_frondosa|UDB011797|SH197053.07FU|refs|k__Fungi;p__Basidiomycota;c__Agaricomycetes;o__Polyporales;f__Meripilaceae;g__Grifola;s__Grifola_frondosa,217,217,99.5
OTU_173,0,0,0,0,0,0,0,0,0,0,0,0,0,0,0,Chaetothyriales_sp|KF614883|SH530039.07FU|reps|k__Fungi;p__Ascomycota;c__Eurotiomycetes;o__Chaetothyriales;f__unidentified;g__unidentified;s__Chaetothyriales_sp,208,206,92.8
